TITLE,LATITUDE,LONGITUDE,REMARKS,CONTENT
Kristiansand,58.1666666667,8.0,"(Wikipedia: http://en.wikivoyage.org/wiki/Kristiansand ; Type: city)",""
Londra,51.5077777778,-0.128055555556,"(Wikipedia: http://en.wikivoyage.org/wiki/Londra ; Type: city)",""
Norvegia,59.9333333333,10.6833333333,"(Wikipedia: http://en.wikivoyage.org/wiki/Norvegia)","capitalOslogovernmentMonarhie constituțională cu democrație parlamentarăcurrencyKroner (NOK)area385,802 km<sup>2</sup>population4,908,100 (Sep 2010)languagenorvegiană (Bokmål and Nynorsk) și SaamireligionBiserică de stat protestantăelectricity230V/50Hz (priză europeană)callingcode+47tld.notimezoneUTC +1 (CET)Norvegia face parte dintre cele trei state scandinave. Are orașe frumoase și unice, precum Oslo, Bergen, Stavanger, Kristiansand sau Tromsø, fapt care atrage mulți turiști."
Oslo,59.9494444444,10.7563888889,"(Wikipedia: http://en.wikivoyage.org/wiki/Oslo ; Type: city)","Oslo este cel mai mare oraș și capitala Norvegiei. De asemenea, este al treilea oraș ca mărime din Peninsula Scandinavică. În norvegiană se pronunță [Oshloo].  De înțeles  Intră  Cu avionul În Oslo se poate ajunge prin intermediul a trei aeroporturi: Aeroportul principal Oslo (Gardermoen), Aeroportul Sandefjord (Torp) și Aeroportul Moss (Rygge). Aeroportul Oslo este cel mai mare dintre cele trai și este poarta principală internațională de intrare în Norvegia. Ultimele două sunt situate la mare depărtare de Oslo."
Stavanger,58.95,5.71722222222,"(Wikipedia: http://en.wikivoyage.org/wiki/Stavanger)",""
Toulon,43.1333333333,5.91666666667,"(Wikipedia: http://en.wikivoyage.org/wiki/Toulon ; Type: city)",""
York,53.95,-1.08333333333,"(Wikipedia: http://en.wikivoyage.org/wiki/York)",""
Zagreb,45.8166666667,15.9833333333,"(Wikipedia: http://en.wikivoyage.org/wiki/Zagreb ; Type: city)","DespreIstorie<!--scrieți aici scurt istoria acestui oraș-->LocalizareOrașul este situat pe versantul muntelui Medvednica și pe malul râului Sava, la o altitudinee de 120 m. Amplasarea favorabilă din punct de vedere geografic în partea de sud-vet a bazinului panonic, care se extinde spre regiunile alpină, dinarică, adriatică și panonică, oferă cea mai bună legătură de trafic între Europa Centrală și Marea Adriatică."
Zambia,-15.4166666667,28.25,"(Wikipedia: http://en.wikivoyage.org/wiki/Zambia)",""
Zimbabwe,-17.85,31.0166666667,"(Wikipedia: http://en.wikivoyage.org/wiki/Zimbabwe ; Type: country(390.757))",""
Windhoek,-22.56,17.09,"(Wikipedia: http://en.wikivoyage.org/wiki/Windhoek ; Type: city)",""
Wollongong,-34.4330555556,150.883055556,"(Wikipedia: http://en.wikivoyage.org/wiki/Wollongong ; Type: city(235000) ; Country_Region: AU-NSW)",""
Yokohama,"","","(Wikipedia: http://en.wikivoyage.org/wiki/Yokohama ; Type: city ; Country_Region: JP)",""
Viena,48.2086111111,16.3725,"(Wikipedia: http://en.wikivoyage.org/wiki/Viena ; Type: city)","Este al zecelea oraș ca populație al Uniunii Europene.Orașul a fost fondat cca. în 500 i.e.n., fiind inițial o așezare celtică (Vindobona).Se află în nord-estul Austriei, întinzandu-se la ora actualî pe ambele maluri ale Dunării.Clima este continentală umedă, verile fiind calde, cu temperaturi medii între 22 - 26°C i maxime ce pot depași 30°C. Iernile sunt destul de reci, cu minima medie a lunii ianuarie de -2°C, iar sezonul de ninsoare se întinde din decembrie până în martie."
Vietnam,21.0333333333,105.85,"(Wikipedia: http://en.wikivoyage.org/wiki/Vietnam ; Type: country(331.689))","Vietnam este o țară în Asia de sud-est. Se învecinează cu Laos la V, cu Cambodgia la S-V, cu China la N și cu Marea Chinei de sud la E. Economia sa are unul dintre cele mai mari ritmuri de creștere din această regiune a continentului. Vietnamul și-a propus să devină o națiune dezvoltată până în 2020."
Vilnius,54.6833333333,25.2833333333,"(Wikipedia: http://en.wikivoyage.org/wiki/Vilnius ; Type: city)","Intră/ieșiCu trenulSingura gară a orașului a fost recent renovată și acum Vilnius este servit de trenuri din multe orașe din Europa Centrală și Fosta Unine Sovietică.Cu autobuzDe dormitBuget redus*Pušis - situat intr-o zonă rezidențială liniștită, acest hotel a fost un internat studențesc înainte. Deși nu este prea comfortabil, Pušis este ieftin și  este recomandat pentru grupuri. Conține 18 camere singulare, 18 duble și 2 camere de lux. Prețuri: 70Lt (singular), 100-130Lt (dublu), 180Lt (cameră de lux). Site web: [http://www.pusishotel.lt www.pusishotel."
Visby,57.6333333333,18.2833333333,"(Wikipedia: http://en.wikivoyage.org/wiki/Visby ; Type: city)",""
Vladivostok,43.1166666667,131.916666667,"(Wikipedia: http://en.wikivoyage.org/wiki/Vladivostok)",""
Venezuela,10.5,-66.9666666667,"(Wikipedia: http://en.wikivoyage.org/wiki/Venezuela)","Destinații*Caracas*Morrocoy <!---->WikiPedia:ro:VenezuelaDmoz:World/Română/Regional/America de Sud/Venezuela/capitala venezuelei este caracas ,oras port situat in nordul tarii,alt oras important este macaraibo ."
Verona,45.4361111111,10.9861111111,"(Wikipedia: http://en.wikivoyage.org/wiki/Verona ; Type: city)","Verona este un oraș în Italia. De înțeles Verona [http://portale.comune.verona.it/nqcontent.cfm?a_id1] este un oraș cu o populație de aproximativ 250000 de locuitori, situat în regiunea Veneto din nord-estul Italia renumit datorită faptului că orașul a fost folosit ca decor pentru Romeo și Julieta a lui Shakespeare. Deși situat aproape de Veneția, destinație turistică mai populară, mulți oameni consideră Verona un oraș mai relaxat si un loc plăcut de vizitat. Există mulți turiști, dar numărul de turiști pe metru pătrat este mai mic decât cel din Veneția."
Vestby,59.5666666667,10.7166666667,"(Wikipedia: http://en.wikivoyage.org/wiki/Vestby ; Type: city)",""
Valencia,39.4833333333,0.366666666667,"(Wikipedia: http://en.wikivoyage.org/wiki/Valencia ; Type: city)",""
Varna,43.217,27.917,"(Wikipedia: http://en.wikivoyage.org/wiki/Varna ; Type: city)"," De înțeles  Intră  Cu avionul  Cu vaporul  Cu trenul  Cu autobuzul  Cu mașina Din România: de la București spre Giurgiu, apoi se trece granița spre Ruse; de acolo mai sunt câțiva km până la Varna."
Ullensaker,60.1666666667,11.1833333333,"(Wikipedia: http://en.wikivoyage.org/wiki/Ullensaker ; Type: city)",""
Uppsala,59.85,17.65,"(Wikipedia: http://en.wikivoyage.org/wiki/Uppsala ; Type: city)","Uppsala este un oraș în Suedia."
Uruguay,-34.8833333333,-56.1666666667,"(Wikipedia: http://en.wikivoyage.org/wiki/Uruguay)",""
Turda,46.5708333333,23.7791666667,"(Wikipedia: http://en.wikivoyage.org/wiki/Turda ; Type: city)","Urmele istoriei zbuciumate te întâmpină la tot pasul. Turda a fost fondată ca o așezare dacă sub numele probabil de Turdava. A fost cucerită de romani și redenumită Potaissa.Pe aceste locuri s-ar fi descoperit mai multe vestigii paleocreștine. În Evul Mediu s-au ținut în total la Turda 127 Diete ale Transilvaniei (adunări ale stărilor). În 1568 Ioan al II-lea Sigismund Zápolya, principe al Transilvaniei, a emis aici Edictul de la Turda, primul decret de libertate religioasă din istoria modernă a Europei."
Turku,60.45,22.2666666667,"(Wikipedia: http://en.wikivoyage.org/wiki/Turku ; Type: city)",""
Tuvalu,-8.51666666667,179.216666667,"(Wikipedia: http://en.wikivoyage.org/wiki/Tuvalu)",""
Ucraina,50.45,30.5,"(Wikipedia: http://en.wikivoyage.org/wiki/Ucraina)",""
Udine,46.0666666667,13.2166666667,"(Wikipedia: http://en.wikivoyage.org/wiki/Udine)",""
Toulouse,43.6044444444,1.44388888889,"(Wikipedia: http://en.wikivoyage.org/wiki/Toulouse ; Type: city)",""
Tours,47.3936111111,0.689166666667,"(Wikipedia: http://en.wikivoyage.org/wiki/Tours)",""
Tirana,41.33,19.82,"(Wikipedia: http://en.wikivoyage.org/wiki/Tirana ; Type: city)","Tirana este capitala Albaniei. Deși Tirana este binecunoscută pentru război, probleme etnice și politice, este prea puțin cunoscută ca destinație turistică, dar pentru turistul care știe să caute, va găsi în Tirana un aer plăcut turistic, cu un șarm frumos, ascuns sub sărăcie relativă și problemele Albaniei. În Tirana veți găsi parcuri și piețe deschise, blocuri istorice, și o senzatie ciudată și unică a întânirii între Europa și orient (Albania e de fapt, o țară islamică, deși este în Europa)."
Tivoli,41.9666666667,12.8,"(Wikipedia: http://en.wikivoyage.org/wiki/Tivoli ; Type: city)"," De înțeles  Intră  Cu trenul Trenurile pleacă din gara Roma Tirbutina, ajungând în Tivoli în aproximativ o oră. Au plecări din oră în oră sau chiar mai frecvente. Cu autobuzul Autobuzele pleacă din Roma spre Tivoli de la stația de metrou Ponte Mammolo. Ele opresc lângă Villa Adriana. Cu mașina Din centrul Romei trebuie să conduceți pe Via Tirbutina, dar acesta este un drum anevoios care trece prin suburbiile Romei. Un drum mai rapid este Autostrada A24 în direcția L'Aquila. Ieșirea spre Tivoli este imediat după casele de taxare, unde va trebui să cumpărați un bilet."
Toledo,39.8616666667,-4.025,"(Wikipedia: http://en.wikivoyage.org/wiki/Toledo)",""
Torino,45.0666666667,7.68333333333,"(Wikipedia: http://en.wikivoyage.org/wiki/Torino)",""
Tarragona,41.1166666667,1.23333333333,"(Wikipedia: http://en.wikivoyage.org/wiki/Tarragona)",""
Tartu,58.3833333333,26.7166666667,"(Wikipedia: http://en.wikivoyage.org/wiki/Tartu)",""
Tenerife,28.2686111111,-16.6055555556,"(Wikipedia: http://en.wikivoyage.org/wiki/Tenerife)","Locatii care nu trebuie ratate sunt: Loro Parque [http://www.loroparque.com/index."
Tianjin,39.125,117.195,"(Wikipedia: http://en.wikivoyage.org/wiki/Tianjin)",""
Thailanda,13.75,100.483333333,"(Wikipedia: http://en.wikivoyage.org/wiki/Thailanda)","WikiPedia:ro:ThailandaDmoz:World/Română/Regional/Asia/Thailanda<gallery modenolines widths250px>DhevarajkulchonTempleBangkok flip666.jpgSukhothai.jpg</gallery>Destinații*Bangkok (capitala)*Phuket Introduzione <!-- Cenni geografici --> Quando andare Novembre-febbraio è il miglior periodo per un viaggio in Thailandia.Gli alberghi praticano tariffe di alta stagione da novembre fino a marzo. I prezzi risalgono a luglio-agosto in conseguenza del maggior afflusso di turisti che possono godere di vacanze solo in questo periodo."
Tampere,61.4980555556,23.7608333333,"(Wikipedia: http://en.wikivoyage.org/wiki/Tampere)",""
Stuttgart,48.7786111111,9.17944444444,"(Wikipedia: http://en.wikivoyage.org/wiki/Stuttgart ; Type: city(593923) ; Country_Region: DE-BW)",""
Suedia,59.5566666667,18.1155555556,"(Wikipedia: http://en.wikivoyage.org/wiki/Suedia)",""
Swaziland,-26.3166666667,31.1333333333,"(Wikipedia: http://en.wikivoyage.org/wiki/Swaziland ; Type: country(17.364))",""
Sydney,-33.8683333333,151.208611111,"(Wikipedia: http://en.wikivoyage.org/wiki/Sydney ; Type: city)","Sectoare*Oraș / CBD*Suburbiile Estice*Northern Beaches*North Shore*ParramattaIntrăCu avionulMajoritatea călătorilor spre Australia ajung pentru prima dată în Sydney. Sydney se află la mai puțin de o oră de mers cu avionul față de Adelaide, Melbourne, Brisbane și Canberra. Un serviciu de metrou leagă aeroportul cu Orașul / CBD.Cu mașinaSydney se află la o distanță rezonabilă pentru călătorii cu mașina față de Melbourne, Brisbane and Adelaide."
Southampton,50.9069444444,-1.40472222222,"(Wikipedia: http://en.wikivoyage.org/wiki/Southampton ; Type: city ; Country_Region: GB)",""
Spania,40.4166666667,-3.75,"(Wikipedia: http://en.wikivoyage.org/wiki/Spania ; Type: country(504,645))",""
Stockholm,59.35,18.0666666667,"(Wikipedia: http://en.wikivoyage.org/wiki/Stockholm ; Type: city)","Stockholm, capitala Suediei este unul dintre cele mai frumoase orașe din Europa de Nord. Orașul are un aer mult mai continental și cosmopolit decât alte orașe nordice (de exemplu, Helsinki sau Oslo), și sunt și foarte multe frumuseți istorice de văzut. În plus, va va plăcea curățenia, ordinea și civilizația generală a orașului.Intră/ieșiStockholmul este destul de ușor accesibil prin mai multe mijloace de transport.Cu avionulAeroportul important este Stockholm Arlanda, în nordul orașului."
Skedsmo,59.9666666667,11.0333333333,"(Wikipedia: http://en.wikivoyage.org/wiki/Skedsmo ; Type: city)",""
Sofia,42.7,23.3333333333,"(Wikipedia: http://en.wikivoyage.org/wiki/Sofia ; Type: city)",""
Sopron,47.68489,16.58305,"(Wikipedia: http://en.wikivoyage.org/wiki/Sopron ; Type: city)",""
Silistra,44.1166666667,27.2666666667,"(Wikipedia: http://en.wikivoyage.org/wiki/Silistra ; Type: city)"," De înțeles Silistra este una din cele mai vechi asezari de pe teritoriul Bulgariei. Are cca 49.000 locuitori si intre anii 1918-1940 a apartinut Romaniei, facand parte din Cadrilater. Intră  Cu avionul Silistra nu are aeroport. Cu vaporul  Cu trenul  Cu autobuzul Exista conexiuni din principalele localitati ale Bulgariei. O alta metoda ar fi autobuzul care pleaca din Constanta spre Ostrov Vama. Acesta opreste chiar in dreptul vamii, adica exact in locul unde incepe Silistra. Cu mașina Se poate ajunge usor din Romania in Silistra cu masina personala."
Sinaia,45.35,25.5425,"(Wikipedia: http://en.wikivoyage.org/wiki/Sinaia ; Type: city)","Sinaia este un oraș în România. Se află la 50 de kilometri la sud de Brașov în valea râului Prahova, în Munții Carpați. Despre  LocațieOrașul Sinaia este situat în Valea Prahovei în Munții Bucegi, între vârfurile Vârful cu dor,  Furnica, precum și Piatra Arsa. Sinaia este situată la 49 km în sudul orașului Brașov și la 60 km în nordul orașului Ploiești. Distanța până la capitala București este de 122 de km. Istorie Pe muntele Molomot a apărut în 1581 o mică mănăstire, care a fost dedicată Sfântului Nicolae."
Seul,37.5666666667,126.978055556,"(Wikipedia: http://en.wikivoyage.org/wiki/Seul ; Type: city)",""
Sevilia,37.3772222222,-5.98694444444,"(Wikipedia: http://en.wikivoyage.org/wiki/Sevilia)",""
Sibiu,45.7958333333,24.1522222222,"(Wikipedia: http://en.wikivoyage.org/wiki/Sibiu ; Type: city)","Sibiul este situat în centrul Romaniei și în sudul Transilvaniei, depresiunea Cibinului, râul care traversează orașul.De știutCunoscut în germană ca Hermannstadt, Sibiul a fost din evul mediu centrul comunității germane din România. Amprenta culturală germană este remarcabilă la Sibiu. Orașul are și astăzi cea mai mare comunitate germană din țară (în jur de 2%). Sibiul se numără printre centrele majore de cultură și turism ale României, datorită bogatei moșteniri istorice și a peisajului minunat din împrejurimi."
Salonta,46.8,21.65,"(Wikipedia: http://en.wikivoyage.org/wiki/Salonta ; Type: city)",""
Salzburg,47.8,13.0333333333,"(Wikipedia: http://en.wikivoyage.org/wiki/Salzburg ; Type: city)","Salzburg [http://www.salzburg.info/en/] este al patrulea oraș ca mărime din Austria, situat în apropiere de granița cu Germania și este o destinație turistică minunată după Viena. Orașul este construit în stilul baroc și este orașul nativ a compozitorului Mozart. Avea o populație de aproximativ 148,000 de locuitori în 2005.  De înțeles  Intră Salzburg-ul este ușor accesibil cu trenul de la Viena și de la alte orașe principale europene. Cu avionul Aeroportul Salzburg - W. A. Mozart, Innsbrucker Bundesstrasse 95 (tel. 0662/8580; [http://www.salzburg-airport."
Rotterdam,51.9166666667,4.46666666667,"(Wikipedia: http://en.wikivoyage.org/wiki/Rotterdam ; Type: city)",""
Rovaniemi,66.5022222222,25.7325,"(Wikipedia: http://en.wikivoyage.org/wiki/Rovaniemi)","ClimatEste un climat subpolar, unde temperatura medie este de: + 0,2 °C. Precipitațiile sunt în număr de 535 mm/an. Zăpada poate exista doar 183 de zile pe an, dupa statisticile finlandeze. Cea mai mică temperatură înregistrată vreodată este de: - 45.3°C, iar cea mai mare temperatură înregistrată vreodată este de: + 30.6°C. Soarele poate fi văzut noaptea din 6 iunie până în 7 iulieTemperaturăRovaniemi este renumit pentru temperaturile sale scăzute și iernile întunecate. Întradevăr, în Rovaniemi se poate vedea spectaculoasa Aurora Boreală. Temperatura medie este 0."
Rovinj,45.09,13.64,"(Wikipedia: http://en.wikivoyage.org/wiki/Rovinj ; Type: city)",""
Rusia,55.75,37.6166666667,"(Wikipedia: http://en.wikivoyage.org/wiki/Rusia)",""
Roma,41.9,12.5,"(Wikipedia: http://en.wikivoyage.org/wiki/Roma ; Type: city)",""
Riga,56.9666666667,24.1333333333,"(Wikipedia: http://en.wikivoyage.org/wiki/Riga ; Type: city)","Anul oficial recunoscut ca fiind fondarea Rigai este 1201 si el concide cu construirea primei fortarete germane pe pamant leton. Nepotul Mitropolitului de Brema (Bremen), viitorul episcop Albert von Buxhoevden, cu indritruire de la Papa Inocentiu III, pune piatra de temelie a ceea ce astazi este cunoscut sub numele de Domul din Riga, masiva catedrala catolica din centrul Rigai.  Din aceasta cauza arhitectura si planificarea urbana a zonei medievale din centrul Rigai poarta urmele si influentele arhitectonicii medievale germanice existente in Brema."
Quito,-0.25,-78.5666666667,"(Wikipedia: http://en.wikivoyage.org/wiki/Quito ; Type: city)",""
Recife,-8.05,-34.9,"(Wikipedia: http://en.wikivoyage.org/wiki/Recife ; Type: city)",""
Pompei,40.7522222222,14.5022222222,"(Wikipedia: http://en.wikivoyage.org/wiki/Pompei ; Type: city)"," De înțeles Romanii au preluat controlul asupra orașului Pompei în jurul anului 200 î.Hr. În 24 august 79, vulcanul Vezuviu a erupt, îngropând orașul în cenușă și funingine, omorând peste 20000 de oameni și păstrând orașul în starea lui de atunci. Pompei este un sit arheologic și un muzeu în aer liber. Acest sit este considerat a fii unul dintre puținele unde un oraș antic a fost prezervat în detaliu. Este o oportunitate extraordinară pentru a vedea cum au trăit oamenii acum 2000 de ani."
Portugalia,38.7666666667,-9.18333333333,"(Wikipedia: http://en.wikivoyage.org/wiki/Portugalia ; Type: country(92.212))",""
Praga,50.0833333333,14.4166666667,"(Wikipedia: http://en.wikivoyage.org/wiki/Praga ; Type: city)","De înțelesDeși Cehia este o fostă țară comunistă, rămâne cea mai bogată țară din Europa de Est, după Slovenia, ceea ce face ca  Praga  să semene foarte mult cu marile metropole din Europa de Vest. De fapt, Praga are un Produs Intern Brut cu 25% mai ridicat decât media Uniunii Europene (și dublu  media Cehiei), fiind cel mai vizitat oraș din Europa Centrală și unul dintre cele mai vizitate din toată Europa."
Pisa,43.7166666667,10.4,"(Wikipedia: http://en.wikivoyage.org/wiki/Pisa)","Pisa [http://www.comune.pisa.it/english/] este un oraș în Toscana, Italia și are o populație de aproximativ 90,000 de locuitori.Intră/IeșiCu avionulPrincipalul Aeroport Internațional al Toscanei, Galileo Galilei (informații generale 050-500-707; [http://www.pisa-airport.com]), se află situat la doar 3 km sud de Pisa. Trenurile ce pornesc de la aeroport vă vor duce in gara centrală în 5 minute (1 euro), în schimb taxiul vă costă de la 4 la 8 euro.Cu trenulExistă mai mult de 20 de trenuri pe zi de la Roma (aflată la 3 ore distanță)."
Podgorica,42.4666666667,19.2666666667,"(Wikipedia: http://en.wikivoyage.org/wiki/Podgorica ; Type: city)",""
Polonia,52.2244444444,21.01,"(Wikipedia: http://en.wikivoyage.org/wiki/Polonia ; Type: city)","Polonia este o țară în Europa Centrală."
Paraguay,-25.2666666667,-57.6333333333,"(Wikipedia: http://en.wikivoyage.org/wiki/Paraguay)",""
Paris,48.8566666667,2.35083333333,"(Wikipedia: http://en.wikivoyage.org/wiki/Paris ; Type: city)","Parisul este capitala Franței, și cu 2 milioane de persoane trăind în centrul orașului și peste 10 milioane în suburbii, este și unul din cele mai mare orașe din Europa. De înțeles  Intră  Cu avionul  Cu vaporul  Cu trenul  Cu autobuzul  Cu mașina  Ajuns acolo  De văzut Parisul are de oferit turistilor foarte multe obiective celebre. * Turnul Eiffel - Probabil cel mai cunoscut dintre acestea este Turnul Eiffel, care se inalta pe malul Sennei la 324 de metri inaltime."
Peru,-12.0433333333,-77.0283333333,"(Wikipedia: http://en.wikivoyage.org/wiki/Peru)",""
Melbourne,-37.8136111111,144.963055556,"(Wikipedia: http://en.wikivoyage.org/wiki/Melbourne)",""
Miami,25.7877777778,-80.2241666667,"(Wikipedia: http://en.wikivoyage.org/wiki/Miami ; Type: city)",""
Milano,45.4666666667,9.16666666667,"(Wikipedia: http://en.wikivoyage.org/wiki/Milano ; Type: city)","Milano este un oraș în Italia. Este cel mai important centru financiar din această țară și este al doilea cel mai populat oraș din țară, dar se află în centrul celei mai mari zone metropolitane a Italiei. Orașul Milano este un paradis al cumpărăturilor, fotbalului, operei și a vieții de noapte. Milano este capitala modei din Italia."
Miskolc,48.1041666667,20.7913888889,"(Wikipedia: http://en.wikivoyage.org/wiki/Miskolc ; Type: city)",""
Canada,45.4,-75.6666666667,"(Wikipedia: http://en.wikivoyage.org/wiki/Canada ; Type: country(9.984.670))",""
Caracas,10.5,-66.9166666667,"(Wikipedia: http://en.wikivoyage.org/wiki/Caracas ; Type: city)",""
Cardiff,51.5,-3.2,"(Wikipedia: http://en.wikivoyage.org/wiki/Cardiff)",""
Calais,50.9480555556,1.85638888889,"(Wikipedia: http://en.wikivoyage.org/wiki/Calais ; Type: city)",""
Cambridge,52.2080555556,0.1225,"(Wikipedia: http://en.wikivoyage.org/wiki/Cambridge)",""
Oxford,51.7519444444,-1.25805555556,"(Wikipedia: http://en.wikivoyage.org/wiki/Oxford ; Type: city)",""
Padova,45.4166666667,11.8666666667,"(Wikipedia: http://en.wikivoyage.org/wiki/Padova)","Acest oras gazduieste moastele Sfantului Anton."
Palermo,38.1,13.35,"(Wikipedia: http://en.wikivoyage.org/wiki/Palermo ; Type: city)",""
Osaka,34.6938888889,135.502222222,"(Wikipedia: http://en.wikivoyage.org/wiki/Osaka ; Type: city)",""
Osasco,-23.5327777778,-46.7919444444,"(Wikipedia: http://en.wikivoyage.org/wiki/Osasco ; Type: city)",""
Ostrava,49.8333333333,18.3,"(Wikipedia: http://en.wikivoyage.org/wiki/Ostrava ; Type: city)",""
Oulu,65.0166666667,25.4666666667,"(Wikipedia: http://en.wikivoyage.org/wiki/Oulu)",""
Oradea,47.0513888889,21.9402777778,"(Wikipedia: http://en.wikivoyage.org/wiki/Oradea ; Type: city)","De înțelesOrașul combină o amplasare și un climat bun cu arhitectură barocă din epoca Romanticului, cu întrepătrundere minunată între culturile română și maghiară. Orașul a oscilat între apartenența la România și cea la Ungaria, ambele aceste culturi apărute în oraș dând un șarm special și un amestec plăcut de arhitectură."
Nicosia,35.1666666667,33.3666666667,"(Wikipedia: http://en.wikivoyage.org/wiki/Nicosia ; Type: city)",""
Nisa,43.7033333333,7.26611111111,"(Wikipedia: http://en.wikivoyage.org/wiki/Nisa)",""
Nittedal,60.0666666667,10.8666666667,"(Wikipedia: http://en.wikivoyage.org/wiki/Nittedal ; Type: city)",""
Nottingham,52.955,-1.14944444444,"(Wikipedia: http://en.wikivoyage.org/wiki/Nottingham ; Type: city ; Country_Region: GB)",""
Nanjing,"","","(Wikipedia: http://en.wikivoyage.org/wiki/Nanjing)",""
Nannestad,60.2333333333,10.95,"(Wikipedia: http://en.wikivoyage.org/wiki/Nannestad ; Type: city)",""
Napoli,40.8627777778,14.2766666667,"(Wikipedia: http://en.wikivoyage.org/wiki/Napoli ; Type: city)","Napoli [http://www.inaples.it/eng/home.asp] este un oraș în Italia. Este de capitala regiunii Campania. Orașul este cel de-al treilea cel mai populat oraș din Italia, dar zona metropolitană este al doilea, după Milano. A fost fondat între secolele VII și VI î.Hr. de către greci și a fost numit Neapolis, ceea ce înseamnă oraș nou. Datorită moștenirii sale artistice vaste, centrul istoric din Napoli, și-a câstigat locul în Patrimoniului Mondial UNESCO."
Narva,59.3758333333,28.1961111111,"(Wikipedia: http://en.wikivoyage.org/wiki/Narva ; Type: city)",""
Nesodden,59.8,10.65,"(Wikipedia: http://en.wikivoyage.org/wiki/Nesodden ; Type: city)",""
Namur,50.4666666667,4.86666666667,"(Wikipedia: http://en.wikivoyage.org/wiki/Namur ; Type: city)",""
Nancy,48.6933333333,6.18444444444,"(Wikipedia: http://en.wikivoyage.org/wiki/Nancy)",""
Montserrat,16.75,-62.2,"(Wikipedia: http://en.wikivoyage.org/wiki/Montserrat ; Type: country(102))",""
Moscova,55.7516666667,37.6177777778,"(Wikipedia: http://en.wikivoyage.org/wiki/Moscova ; Type: city)",""
Mozambic,-25.95,32.5833333333,"(Wikipedia: http://en.wikivoyage.org/wiki/Mozambic)",""
Monaco,43.7308333333,7.42388888889,"(Wikipedia: http://en.wikivoyage.org/wiki/Monaco ; Type: city)",""
Catania,37.5,15.15,"(Wikipedia: http://en.wikivoyage.org/wiki/Catania ; Type: city(300601) ; Country_Region: IT-CT)",""
Celje,46.2358333333,15.2675,"(Wikipedia: http://en.wikivoyage.org/wiki/Celje ; Type: city)",""
Budapesta,47.4719444444,19.0502777778,"(Wikipedia: http://en.wikivoyage.org/wiki/Budapesta ; Type: city)","Intră/ieșiCu trenulBudapesta [http://www.budapest.com] este cel mai important nod feroviar din Europa Centrală și este servită de trenuri din toate părțile Europei. Daca veniți din România, sunt conexiuni bune și de calitate (mai ales trenurile EuroCity și EuroNight) din București până la Budapesta prin Arad. Dacă veniți din nordul Transilvaniei, sunt trei trenuri pe zi de la Oradea, două de la Cluj-Napoca, unul de la Târgu Mureș și unul de la Brașov."
Bulgaria,42.6833333333,23.3166666667,"(Wikipedia: http://en.wikivoyage.org/wiki/Bulgaria ; Type: country(110910))","capitalSofiagovernmentdemocrație parlamentarăcurrencylev (BGN)area110,910 sq kmpopulation7,385,367 (estimare din iulie 2006)languagebulgarăreligioncreștin orthodocși 83.8%, musulmani 12.1%, romano-catolici 1.7%, mozaici 0.1%, protestanți, armeni-gregorieni și alții 2.3% (estimare din 1998)electricity220V/50Hz (priză europeană)tld.bgcallingcode+359timezoneUTC+2Bulgaria este o țară balcanică, aflată la țărmul vestic al Mării Negre."
Busan,35.1794444444,129.075555556,"(Wikipedia: http://en.wikivoyage.org/wiki/Busan ; Type: city)",""
Caen,49.1830555556,-0.369444444444,"(Wikipedia: http://en.wikivoyage.org/wiki/Caen)",""
Cairo,30.0580555556,31.2288888889,"(Wikipedia: http://en.wikivoyage.org/wiki/Cairo ; Type: city)",""
Bristol,51.4552777778,-2.59166666667,"(Wikipedia: http://en.wikivoyage.org/wiki/Bristol ; Type: city ; Country_Region: GB)",""
Brno,"","","(Wikipedia: http://en.wikivoyage.org/wiki/Brno ; Type: city)",""
Brunei,4.89028333333,114.942216667,"(Wikipedia: http://en.wikivoyage.org/wiki/Brunei)",""
Bruxelles,50.8466666667,4.3525,"(Wikipedia: http://en.wikivoyage.org/wiki/Bruxelles ; Type: city)","Bruxelles (În franceză: Bruxelles, în flamandă: Brussel) este capitala Belgiei și deasemenea, neoficial, a Uniunii Europene. Situat la confluența culturilor germanică în nord și romanică în sud și jucând un rol important în Europa, orașul corespunde descrierii de creuzet, dar își păstrează un caracter propriu. Cartiere *Bruxelles/Brussel*Ixelles/Elsene*Marolles*Saint Gilles/Sint-GillisAccesulCu avionul[http://www.brusselsairport.be/ Aeroportul Internațional Bruxells] (cod IATA BRU), aflat la Zaventem, este aeroportul principal al orașului."
Bratislava,48.1447222222,17.1127777778,"(Wikipedia: http://en.wikivoyage.org/wiki/Bratislava ; Type: city)",""
Brazilia,-15.8,-47.9,"(Wikipedia: http://en.wikivoyage.org/wiki/Brazilia ; Type: country(8,511,965))",""
Brescia,45.5333333333,10.2333333333,"(Wikipedia: http://en.wikivoyage.org/wiki/Brescia)",""
Brisbane,-27.5,153.0,"(Wikipedia: http://en.wikivoyage.org/wiki/Brisbane ; Type: city)",""
Bonn,50.7339916667,7.09981388889,"(Wikipedia: http://en.wikivoyage.org/wiki/Bonn ; Type: city(314299) ; Country_Region: DE-NW)",""
Bordeaux,44.8386111111,-0.578333333333,"(Wikipedia: http://en.wikivoyage.org/wiki/Bordeaux)",""
Boston,42.3577777778,-71.0616666667,"(Wikipedia: http://en.wikivoyage.org/wiki/Boston ; Type: city)","Boston este cel mai mare oraș din Noua Anglie, capitala statului Massachusetts, și unul dintre cele mai apreciate, înstărite and influente orașe istorice din Statele Unite ale Americii. Pletora de muzee, vederi istorice ți bogăția de concerte live, toate explică modul în care orașul își primește cei 16,3 milioane de vizitatori pe an, clasând orașul printre primele zece locații turistice din țară."
Botswana,24.75,25.9166666667,"(Wikipedia: http://en.wikivoyage.org/wiki/Botswana)",""
Birmingham,52.4830555556,-1.89361111111,"(Wikipedia: http://en.wikivoyage.org/wiki/Birmingham ; Type: city ; Country_Region: GB)",""
Blaj,46.1752777778,23.9144444444,"(Wikipedia: http://en.wikivoyage.org/wiki/Blaj ; Type: city)","*Câmpia Libertății, unde s-a ținut Marea Adunare Populară de la 3/15 Mai 1848. Este dominat de Ansamblul monumental Gloria și înconjurat de Aleea revoluției cu o serie de 24 de busturi din bronz, reprezentând pe cei mai importanți revoluționari români.*Catedrala Greco-Catolică, construită între anii 1738-1765."
Bolivia,-19.0333333333,-65.25,"(Wikipedia: http://en.wikivoyage.org/wiki/Bolivia)",""
Copenhaga,55.6761111111,12.5683333333,"(Wikipedia: http://en.wikivoyage.org/wiki/Copenhaga ; Type: city)",""
Cleveland,41.4822222222,-81.6697222222,"(Wikipedia: http://en.wikivoyage.org/wiki/Cleveland ; Type: city)",""
Cluj-Napoca,46.7666666667,23.6,"(Wikipedia: http://en.wikivoyage.org/wiki/Cluj-Napoca ; Type: city)","Strada Iuliu Maniu. Construcția a demarat în secolul XIX, cu o arhitectură simetrică de o parte și de alta, caracteristică marilor orașe europene, după moda urbanistică haussmaniană. La vremea aceea, strada ajungea doar până la intersecția cu actuala Bolyai. În zilele noastre, la parterul clădirilor se găsesc spații comerciale."
Columbia,4.58333333333,-74.0666666667,"(Wikipedia: http://en.wikivoyage.org/wiki/Columbia)",""
Charleroi,50.4,4.43333333333,"(Wikipedia: http://en.wikivoyage.org/wiki/Charleroi ; Type: city)",""
Cipru,35.1333333333,33.4666666667,"(Wikipedia: http://en.wikivoyage.org/wiki/Cipru)",""
Asker,59.8333333333,10.4333333333,"(Wikipedia: http://en.wikivoyage.org/wiki/Asker ; Type: city)",""
Assisi,43.0666666667,12.6,"(Wikipedia: http://en.wikivoyage.org/wiki/Assisi)"," De înțeles Assisi este orașul natal al Sfântului Francisc (1182-1226). Orașul se întinde pe pantele line ale Mote Subasio, deasupra Văii Spoleto. A fost fondat de umbrici și a devenit un important municipiu roman. În Evul Mediu a fost stăpânit de familia Baglioni din Perugia. În 1939 Sf. Francisc a fost numit patron spiritual al Italiei și din acest moment Assisi a devenit unul dintre cele mai prospere orașe ale regiunii.Pentru a vizita bisericile trebuie să vă îmbrăcați corespunzător."
Atena,37.9666666667,23.7166666667,"(Wikipedia: http://en.wikivoyage.org/wiki/Atena ; Type: city)"," De înțeles Ajuns în Atena nu se pot exclude din programul vizitei Acropolele. Se recomandă vizitarea Acropolelor dimineața devreme sau seara, căci pe de-o parte temperaturile ridicate din timpul zilei nu sunt întotdeauna ușor de suportat, iar pe de altă parte afluența vizitatorilor este mai scăzută în aceste intervale. Principalul arhitect a fost Mnesicles. La stânga se găsește Pinacoteca și un piedestal, iar la dreapta micul templu dedicat victoriei atenienilor asupra perșilor."
Angola,-8.83333333333,13.3333333333,"(Wikipedia: http://en.wikivoyage.org/wiki/Angola ; Type: country(1.246.700))",""
Arad,46.1766666667,21.3011111111,"(Wikipedia: http://en.wikivoyage.org/wiki/Arad ; Type: city)","Cum să ajung în Arad ?Grație poziției geografice, în oraș este ușor de ajuns folosind orice mijloc de transport, cu excepția navelor maritime sau fluviale; Mureșul este la ora actuală nenavigabil. Cu mașinaDin punct de vedere rutier, Aradul este într-adevăr privilegiat. În oraș se poate ajunge pe drumul european E 68 dinspre vest, Nădlac, sau dinspre București via Deva, la est. Pe E 671 puteți călători înspre Oradea la nord sau, și Timișoara la sud."
Argentina,-34.6,-58.3833333333,"(Wikipedia: http://en.wikivoyage.org/wiki/Argentina)","Argentina este o țară în America de Sud.Destinații*Buenos Aires*Córdoba*Bariloche*Salta*IguazúWikiPedia:ro:ArgentinaDmoz:World/Română/Regional/America de Sud/Argentina/argentina se invecineaza cu chile ,uruguay ,paraguay si brazilia.capitala argentinei este buenos aires, alte orase importante sunt cordoba ,cel mai sudic oras argentinian este ushuaia."
Amsterdam,52.3730555556,4.89222222222,"(Wikipedia: http://en.wikivoyage.org/wiki/Amsterdam ; Type: city)","Amsterdam este un oraș frumos din Tarile de Jos cu o arhitectură impresionantă, canale adorabile care traversează orasul, oameni prietenoși și unde poți face tot felul de cumpărături. Orașul satisface gusturile fiecărui călător - fie că acesta preferă cultura și istoria, petrecerile, sau doar farmecul relaxant al unui vechi oraș European.IstorieÎn secolele al 15-lea și al 16-lea, viața culturală din Amsterdam consta în general din festivaluri."
Andorra,42.5,1.51666666667,"(Wikipedia: http://en.wikivoyage.org/wiki/Andorra)",""
Algeria,36.7,3.21666666667,"(Wikipedia: http://en.wikivoyage.org/wiki/Algeria ; Type: country(2.381.741))"," așezare steag capitalăAlger guvernământrepublică monedăDinarul algerian (DZD) suprafață2.381.740 km² populație32.531.853 (est. iulie 2005) limbăaraba (limba oficială), franceza, dialecte berbere  religieMusulmani suniți (religia de stat) 99%, Creștini și Mozaici 1%,  electricitate230V/50Hz prefixtelefonic+213 domeniuinternet.dz fusorarUTC+1Algeria ete o țară din Africa de Nord."
Aachen,"","","(Wikipedia: http://en.wikivoyage.org/wiki/Aachen ; Type: city(260454) ; Country_Region: DE-NW)",""
Adelaide,-34.9333333333,138.583333333,"(Wikipedia: http://en.wikivoyage.org/wiki/Adelaide)",""
Albania,41.3333333333,19.8,"(Wikipedia: http://en.wikivoyage.org/wiki/Albania)","Albania este o țară în Europa de Sud.DestinațiiLinks* [http://www.albaniantourism.com/  National Tourism Organization] Albania's official website for travel  tourism information."
Belgrad,44.8205555556,20.4622222222,"(Wikipedia: http://en.wikivoyage.org/wiki/Belgrad ; Type: city)",""
Berlin,"","","(Wikipedia: http://en.wikivoyage.org/wiki/Berlin ; Type: city ; Country_Region: DE-BE)","Berlin este capitala și cu 3.415.091 de locuitori cel mai populat oraș din Germania."
Berna,46.95,7.45,"(Wikipedia: http://en.wikivoyage.org/wiki/Berna ; Type: city)",""
Biarritz,43.4816666667,-1.55611111111,"(Wikipedia: http://en.wikivoyage.org/wiki/Biarritz)",""
Beijing,39.9055555556,116.391388889,"(Wikipedia: http://en.wikivoyage.org/wiki/Beijing)","Beijing este capitala Chinei și cel mai important centru de comerț, comunicații,  politică, economie,  cultură și educație.Este unul din cele 6 orașe antice ale Chinei (împreuna cu Xian, Luoyang, Hangzhou, Nanjing și Kaifeng) și adăpostește aproape 15 milioane locuitori în cei 16.410 kilometri pătrați.Are 4 anotimpuri iar cele mai frumoase sunt considerate a fi primăvara și toamna ( lunile mai,septembrie și octombrie sunt preferatele turiștilor deoarece se pot bucura de o vreme deosebit de frumoasă).  În sezonul de iarnă se poate schia în regiunea Beihai."
Belfast,54.5833333333,-5.93333333333,"(Wikipedia: http://en.wikivoyage.org/wiki/Belfast ; Type: city)",""
Belgia,50.8466666667,4.3525,"(Wikipedia: http://en.wikivoyage.org/wiki/Belgia ; Type: city)",""
Bari,41.1166666667,16.8666666667,"(Wikipedia: http://en.wikivoyage.org/wiki/Bari ; Type: city)",""
Basel,47.5666666667,7.6,"(Wikipedia: http://en.wikivoyage.org/wiki/Basel ; Type: landmark ; Country_Region: RS)","Basel este un oraș din ElvețiaIntroducereDeși o destinație mai puțin populară pentru turiști, Basel este un oraș cu un centru vechi, medieval foarte frumos, un carnaval care poate oricând concura cu cele din Venetia sau Rio de Janeiro, și mai multe muzee de artă de talie mondială construite de arhitecți celebri ca Renzo Piano, Mario Botta și Herzog  De Meuron."
Bathurst,-33.4833333333,26.8333333333,"(Wikipedia: http://en.wikivoyage.org/wiki/Bathurst ; Type: city)",""
Bangkok,13.7522222222,100.493888889,"(Wikipedia: http://en.wikivoyage.org/wiki/Bangkok ; Type: city)",""
Barcelona,41.4019444444,2.17138888889,"(Wikipedia: http://en.wikivoyage.org/wiki/Barcelona ; Type: city)","Intră/IeșiCu avionulAeroportul din Barcelona, numit el Cikhad este situat la aproximativ 10 km de centrul orașului. Odată ajuns acolo, poți ajunge în centru cu metroul (la fiecare 30 minute, te lasă în Sants și Placcedil;a Catalunya), cu autobuzul Aerobus, care te lasă în același loc tot din 30 în 30 de minute, dar cu un preț mult mai mare și cu posibilitatea de a întâlni ambuteiaje în trafic. Ambele servicii se termină la 23:00.Există un serviciu de taxi destul de bun, singurul mod de a ajunge în centru noaptea."
Austria,48.2,16.35,"(Wikipedia: http://en.wikivoyage.org/wiki/Austria ; Type: country(83.879))",""
Avignon,43.95,4.76694444444,"(Wikipedia: http://en.wikivoyage.org/wiki/Avignon)","Avignon este printre orașele principale în Provence, în sudul Franței. Orașul este situat pe malul râului Rhon și a fost desemnat printre capitalele de cultură europene în anul 2000. Are un număr de 88.300 de locuitori, în oraș și pe suprafața Avignon-ului Mare, un număr de 155.500 de locuitori. Coordonatele sale sunt de 43°57′ N 4°50′ EDe înțelesIntră/ieșiCu trenulAvignon este situat pe linia TGV între Paris și Marsilia, și este ușor accesibil din toată Franța prin rețeaua de cale ferată."
Babadag,44.8933333333,28.7119444444,"(Wikipedia: http://en.wikivoyage.org/wiki/Babadag ; Type: city)"," Așezare geografică Orașul este situat la granița a două rezervații naturale importante: Delta Dunării și Munții Dobrogei, într-o zonă cu lacuri și păduri. Se învecinează cu lacul Babadag, lacul Razelm, dealul Coiun Baba, dealul Sultan Tepe și Ianik Bair.Deasemeni, este situat la intersecția drumului european E87 Tulcea-Constanța cu drumul național 222 care fac legătura cu localitățile Jurilovca și Măcin, fiind astfel foarte tranzitat.Clima este temperat continentală.*Amplasare	:44°53′36″N 28°42′43″ E*Țară	      :România*Județ	:Tulcea*Populație	:10."
Auckland,-36.85,174.783333333,"(Wikipedia: http://en.wikivoyage.org/wiki/Auckland)","Auckland [http://www.aucklandnz.com/] este un oraș imens, format din mai multe districte care conțin obiective turistice, restaurante, viață de noapte.Auckland este cea mai mare zonă metropolitană în Noua Zeelandă, cu o populație de peste un milion. Acesta este situat în jumătatea de nord a Insulei de Nord, pe un istm îngust de pământ care face legătura între peninsula Northland și restul Insulei de Nord. În noiembrie 2010, patru orașe anterior separate au fost comasate."
Australia,"","","(Wikipedia: http://en.wikivoyage.org/wiki/Australia ; Type: country(7617930))",""
Mangalia,43.8166666667,28.5833333333,"(Wikipedia: http://en.wikivoyage.org/wiki/Mangalia ; Type: city)","Cu o populatie de peste 44.500 locuitori, este al doilea municipiu al litoralului, fiind situat la 40 km sud de Constanta si la 14 km de granita cu Bulgaria.  Statiune balneocimaterica permanenta, de aceiasi vechime istorica ca si Constanta (peste 2000 ani de atestare istorica), beneficiaza de o climat deosebit, asemanator celui mediteranean, cu media de temperatura anuala cea mai ridicata  din tara.Tratamentul balner se practica pe tot timpul anului, imbinandu-se factorii caracteristici marini cu existenta izvoarelor minerale descoperite si folosite de pe vremea romanilor."
Mannheim,"","","(Wikipedia: http://en.wikivoyage.org/wiki/Mannheim ; Type: city(307914) ; Country_Region: DE-BW)",""
Marghita,47.3416666667,22.3305555556,"(Wikipedia: http://en.wikivoyage.org/wiki/Marghita ; Type: city)","Marghita a devenit municipiu din anul 2004 data de 1 mai."
Maribor,46.55,15.65,"(Wikipedia: http://en.wikivoyage.org/wiki/Maribor ; Type: adm1st ; Country_Region: SI)",""
Maroc,34.0333333333,-6.85,"(Wikipedia: http://en.wikivoyage.org/wiki/Maroc ; Type: country(446.550))",""
Marsilia,43.2963888889,5.37,"(Wikipedia: http://en.wikivoyage.org/wiki/Marsilia ; Type: city)",""
Malawi,-12.95,33.7,"(Wikipedia: http://en.wikivoyage.org/wiki/Malawi ; Type: country(118)",""
Malta,35.8,14.4666666667,"(Wikipedia: http://en.wikivoyage.org/wiki/Malta ; Type: country(316))","Grădinile Barracca din Valetta[http://www.visitmalta.com/ Malta] (oficial Republica Malta) este o țară insulară din Europa de Sud, aceasta fiind un mic arhipelag în centrul Mării Mediterane, la 93 km sud de Sicilia și la 288 km nord de Tunisia. Arhipelagul Malta se compune din insulele Malta, Gozo, Comino și Cominitto (nelocuită). Aceste insule, amplasate strategic, au fost cucerite și stăpânite de diferite puteri de-a lungul secolelor. De înțeles Statul Malta are o suprafață de 316 km² fiind unul dintre cele mai mici și mai dens populate state din lume."
Mamaia,44.2463888889,28.6227777778,"(Wikipedia: http://en.wikivoyage.org/wiki/Mamaia ; Type: city)","Intrarea în stațiunea MamaiaMamaia este o stațiune românească ce se află pe litoralul românesc al Mării Negre. Stațiunea aparține din punct de vedere administrativ de municipiul Constanța. În timpul verii, Mamaia este un centru turistic foarte populat, pentru telegondola constănțeană, a doua din Europa, după cea din Barcelona.Date generaleMamaia este cea mai mare stațiune românească de pe coasta Mării Negre."
Manchester,53.4666666667,-2.23333333333,"(Wikipedia: http://en.wikivoyage.org/wiki/Manchester ; Type: city)",""
Madagascar,-18.9166666667,47.5166666667,"(Wikipedia: http://en.wikivoyage.org/wiki/Madagascar)",""
Madrid,40.3833333333,-3.71666666667,"(Wikipedia: http://en.wikivoyage.org/wiki/Madrid ; Type: city)"," De înțeles Madrid este cunoscut și pentru viața sa de noapte și discotecile sale; pentru madrileni nu este ieșit din comun să danseze toată noaptea, iar apoi dimineața să meargă la muncă. Această viată de noapte numită la movida."
Mainz,50.0,8.27111111111,"(Wikipedia: http://en.wikivoyage.org/wiki/Mainz ; Type: city(203) ; Country_Region: DE-RP)",""
Lugano,46.0,8.95,"(Wikipedia: http://en.wikivoyage.org/wiki/Lugano ; Type: city)","Lugano [http://www.lugano.ch/] este un oraș situat pe malul lacului omonim în Ticino, partea italiană a Elveției. Parte a micro-climatului temperat, Lugano oferă palmieri, bulevarde pitorești, priveliști uimitoare a lacului și asupra Alpilor, și multe oportunități pentru activități interioare și exterioare. Lugano este de asemenea o bază pentru vizitarea orașelor și locurilor din zonă.IntrăCu avionulLugano are un mic aeroport internațional cu zboruri spre mai multe orașe europene, în special din Franța și Germania."
Lyon,45.7597222222,4.84222222222,"(Wikipedia: http://en.wikivoyage.org/wiki/Lyon ; Type: city)",""
Lourdes,43.0958333333,-0.0441666666667,"(Wikipedia: http://en.wikivoyage.org/wiki/Lourdes ; Type: city)",""
Liverpool,53.4,-2.98333333333,"(Wikipedia: http://en.wikivoyage.org/wiki/Liverpool ; Type: city)",""
Ljubljana,46.0513888889,14.5055555556,"(Wikipedia: http://en.wikivoyage.org/wiki/Ljubljana ; Type: city)","LjubljanaLjubljana este capitala Sloveniei."
Lille,50.6372222222,3.06333333333,"(Wikipedia: http://en.wikivoyage.org/wiki/Lille ; Type: city)",""
Lima,-12.0433333333,-77.0283333333,"(Wikipedia: http://en.wikivoyage.org/wiki/Lima)","Centrul orașului trebuie neapărat vazut. Plaza de Armas cu Catedrala și Palacio de Gobierno sunt două locuri minunate, iar acolo puteți găsi restaurante decente cu mancare exotică (meniuri bazate pe pește proaspăt). O mâncare tradițională este peștele murat în oțet (diferite soiuri de pește amestecat deopotrivă) la care se adaugă destulă ceapă."
Limerick,52.6652,-8.6238,"(Wikipedia: http://en.wikivoyage.org/wiki/Limerick ; Type: city)",""
Linz,48.3030555556,14.2905555556,"(Wikipedia: http://en.wikivoyage.org/wiki/Linz ; Type: city)",""
Lisabona,38.7,-9.18333333333,"(Wikipedia: http://en.wikivoyage.org/wiki/Lisabona ; Type: city)","De înțelesLisabona este capitala Portugaliei din 1260, aflată la apogeu în timpul Imperiului Portughez (secolul XVI). Orașul a fost distrus în două cutremure, pe 26 ianuarie 1531 și 1 noiembrie 1755. Printre evenimentele din oraș se numără Expo '98 și în curând Campionatul European de Fotbal 2004.De văzut*Centro Cultural de Belém, Praça do Império, tel. +351 21 3612444. Unul dintre cele mai importante centre culturale din Europa, amplasat într-o clădire de o arhitectură uimitoare. Expoziții, arte scenice, restaurante, grădini și magazine. http://www.ccb."
Lesotho,-29.4666666667,27.9333333333,"(Wikipedia: http://en.wikivoyage.org/wiki/Lesotho)",""
Lhasa,29.653056,91.131389,"(Wikipedia: http://en.wikivoyage.org/wiki/Lhasa ; Type: city ; Country_Region: US)",""
Liechtenstein,"","","(Wikipedia: http://en.wikivoyage.org/wiki/Liechtenstein ; Type: country(160,4))",""
Kuopio,62.8833333333,27.6666666667,"(Wikipedia: http://en.wikivoyage.org/wiki/Kuopio ; Type: city)",""
Laos,17.9666666667,102.6,"(Wikipedia: http://en.wikivoyage.org/wiki/Laos)",""
Lausanne,46.5166666667,6.63333333333,"(Wikipedia: http://en.wikivoyage.org/wiki/Lausanne)",""
Leeds,53.7997222222,-1.54916666667,"(Wikipedia: http://en.wikivoyage.org/wiki/Leeds ; Type: city ; Country_Region: GB)",""
Koper,45.5465555556,13.7294388889,"(Wikipedia: http://en.wikivoyage.org/wiki/Koper ; Type: city)",""
Kosovo,42.6666666667,21.1666666667,"(Wikipedia: http://en.wikivoyage.org/wiki/Kosovo ; Type: city)","Capitala este la Pristina. Orase mai importante: Mitrovica in nord, Prizren in sud-vest, Peja in vest, Gilane in sud, Decani si Djakovica in vest si Poduevo in nord-est. In prezent aceasta regiune este administrata de UNMIK, respectiv Administratia Internationala a Natiunilor Unite in Kosovo. Sub aceasta administratie drumurile au fost reabilitate in mare masura, iar transportul pe calea ferata este posibil dar nu se face in mod curent."
Kufstein,47.5833333333,12.1666666667,"(Wikipedia: http://en.wikivoyage.org/wiki/Kufstein)",""
Karlsruhe,49.014,8.4043,"(Wikipedia: http://en.wikivoyage.org/wiki/Karlsruhe ; Type: city(294761) ; Country_Region: DE-BW)",""
Karlstad,59.3833333333,13.5333333333,"(Wikipedia: http://en.wikivoyage.org/wiki/Karlstad ; Type: city)",""
Kaunas,54.8833333333,23.0833333333,"(Wikipedia: http://en.wikivoyage.org/wiki/Kaunas)",""
Karlskrona,56.15,15.5833333333,"(Wikipedia: http://en.wikivoyage.org/wiki/Karlskrona ; Type: city)","Este principalul oraș din regiunea Blekinge, o zonă care în decursul timpului a aparținut de Danemarca. Orașul a fost fondat în 1680 de către regele Karl al XI-lea, în acest moment întinzându-se pe 33 de insule. Este pe lista patrimoniului UNESCO din 1998 în special datorită șantierului naval.Oraș port în sudul Suediei a avut de-a lungul timpului o importanță strategică în dominarea Mării Baltice."
Japonia,35.6833333333,139.766666667,"(Wikipedia: http://en.wikivoyage.org/wiki/Japonia)",""
Jibou,47.2583333333,23.2583333333,"(Wikipedia: http://en.wikivoyage.org/wiki/Jibou ; Type: city)",""
Islanda,64.1333333333,-21.9333333333,"(Wikipedia: http://en.wikivoyage.org/wiki/Islanda)","DestinațiiOrașe principale*Reykjavik*HafnafjörðurDenumirea oficiala: Republica IslandaCapitala: ReykjavikLimba oficiala: islandezaSuprafata: 103000 km2Locuitori: 271000 mil."
Israel,31.0,35.0,"(Wikipedia: http://en.wikivoyage.org/wiki/Israel ; Type: country)",""
Ibiza,38.9,1.4,"(Wikipedia: http://en.wikivoyage.org/wiki/Ibiza ; Type: isle ; Country_Region: ES)","Aparține de Insulele Baleare, puteți să ajungeți aici cu avionul, sau dacă nu vă grabiți, cu vaporul. Dacă doriți să faceți o excursie de o zi din Mallorca la Ibiza puteți sa luati bilete cu aproximativ 100 Euro (depinde ce alegeți, vapor sau avion)Insula este renumită pentru petrecerile non-stop. Un club renumit de aici este [http://www.pacha.com/pachaibiza/flash.htm Pacha]."
India,28.6133333333,77.2083333333,"(Wikipedia: http://en.wikivoyage.org/wiki/India ; Type: country(3,596,590))",""
Indonezia,-6.175,106.828333333,"(Wikipedia: http://en.wikivoyage.org/wiki/Indonezia)",""
Innsbruck,47.2672222222,11.3927777778,"(Wikipedia: http://en.wikivoyage.org/wiki/Innsbruck ; Type: city)",""
Hobart,-42.8805555556,147.325,"(Wikipedia: http://en.wikivoyage.org/wiki/Hobart ; Type: city)",""
Huedin,46.8666666667,23.0333333333,"(Wikipedia: http://en.wikivoyage.org/wiki/Huedin ; Type: city)",""
Hunedoara,45.7697222222,22.9202777778,"(Wikipedia: http://en.wikivoyage.org/wiki/Hunedoara ; Type: city)","Atracții turistice* Rezervația naturală “Pădurea Chizid” (50 ha).* Lacul Cinciș. Lacul Cinciș - Este așezat la 15 km de municipiul Hunedoara, pe drumul spre Toplița. Este o zonă de o frumusețe deosebită care atrage numeroși turiști. Lacul are o suprafață de 867 ha și o poveste deosebită. Lacul Cinciș este situat pe vatra satului cu același nume, care în anul 1962 a fost strămutat pe un deal din apropiere pentru a putea lua naștere lacul de acumulare."
Hurdal,60.4,11.0,"(Wikipedia: http://en.wikivoyage.org/wiki/Hurdal ; Type: city)",""
Haparanda,65.8333333333,24.1333333333,"(Wikipedia: http://en.wikivoyage.org/wiki/Haparanda ; Type: city)",""
Heidelberg,49.4122222222,8.71,"(Wikipedia: http://en.wikivoyage.org/wiki/Heidelberg ; Type: city(150241) ; Country_Region: DE-BW)","Heidelberg este un oraș în Germania."
Helsinki,60.1708333333,24.9375,"(Wikipedia: http://en.wikivoyage.org/wiki/Helsinki ; Type: city)","Tuomiokirkko (Catedrala Evanghelico-Luterană)Helsinki [http://www.hel.fi/english/] sau Helsingfors (în suedeză) este capitala Finlandei și are ceva dintr-o metropolă internațională. Orașul fondat în 1550, este capitală a Finlandei din 1812. Populația orașului este de peste 500.000 locuitori, dar aria metropolitană a Helsinkiului are o populație de 1,2 milioane cuprinzând, printre altele și orașele satelit Espoo, Vantaa și Kauniainen."
Hiroshima,34.3833333333,132.45,"(Wikipedia: http://en.wikivoyage.org/wiki/Hiroshima ; Type: city)",""
Haga,52.08,4.3,"(Wikipedia: http://en.wikivoyage.org/wiki/Haga)","Haga este un oraș în Țările de Jos."
Gjerdrum,60.0666666667,11.0,"(Wikipedia: http://en.wikivoyage.org/wiki/Gjerdrum ; Type: city)",""
Glasgow,55.8588888889,-4.25972222222,"(Wikipedia: http://en.wikivoyage.org/wiki/Glasgow ; Type: city ; Country_Region: GB)",""
Graz,47.0702777778,15.4388888889,"(Wikipedia: http://en.wikivoyage.org/wiki/Graz ; Type: city)",""
Grecia,37.9666666667,23.7166666667,"(Wikipedia: http://en.wikivoyage.org/wiki/Grecia)","--->Grecia este o țară mediterană în Europa de Sud."
Genova,44.4111111111,8.93277777778,"(Wikipedia: http://en.wikivoyage.org/wiki/Genova ; Type: city)","Genova este un oraș port istoric în nordul Italiei, capitala regiunii Liguria. Genova de astăzi, ca atracție turistică, este adesea umbrită de orașe precum Roma sau Veneția, chiar dacă are o lungă istorie ca un important centru comercial."
Gibraltar,36.1333333333,5.35,"(Wikipedia: http://en.wikivoyage.org/wiki/Gibraltar)",""
Frogn,59.6833333333,10.65,"(Wikipedia: http://en.wikivoyage.org/wiki/Frogn ; Type: city)",""
Fet,59.8666666667,11.2166666667,"(Wikipedia: http://en.wikivoyage.org/wiki/Fet ; Type: city)",""
Finlanda,60.1708333333,24.9375,"(Wikipedia: http://en.wikivoyage.org/wiki/Finlanda)",""
Eger,47.899,20.3747,"(Wikipedia: http://en.wikivoyage.org/wiki/Eger ; Type: city)",""
Egipt,30.0333333333,1.21666666667,"(Wikipedia: http://en.wikivoyage.org/wiki/Egipt ; Type: country(1.002.450))","Egipt(Arabă: مصر Misr / Másr; Arabic: جمهوريّة مصر العربيّة Gomhuriat Masr Al-Arabiah) este o țară din Africa de Nord. Este o țară renumită pentru nenumăratele piramide care se găsesc."
Eidsvoll,60.3333333333,11.25,"(Wikipedia: http://en.wikivoyage.org/wiki/Eidsvoll ; Type: city)",""
Enebakk,59.7666666667,11.1,"(Wikipedia: http://en.wikivoyage.org/wiki/Enebakk ; Type: city)",""
Estonia,59.4333333333,24.75,"(Wikipedia: http://en.wikivoyage.org/wiki/Estonia)","De înțelesEstonia este, în termeni culturali, o țară nordică. Statul a fost condus de puteri scandinave în istorie, până când a fost invadată de ruși și a fost făcută parte din Uniunea Sovietică. Sub comunism, cultura estoniană a fost oprită și mulți ruși au emigrat. În ziua de astăzi, minoritatea rusă face aproape 30% din populația totală a țării. După 1991, Estonia a devenit țară independentă și astăzi este fosta republică sovietică cu cel mai ridicat nivel de trai. Cu un produs intern brut de US$ 11.000 este și cea mai bogată țară baltică."
Dover,51.1294444444,1.30888888889,"(Wikipedia: http://en.wikivoyage.org/wiki/Dover)",""
Dublin,53.3477777778,-6.25972222222,"(Wikipedia: http://en.wikivoyage.org/wiki/Dublin ; Type: city)","Dublin este capitala Irlandei."
Dubrovnik,42.66,18.07,"(Wikipedia: http://en.wikivoyage.org/wiki/Dubrovnik ; Type: city)","De știutDubrovnik (Ragusa în italiană) este o destinație turistică foarte căutată. Orașul este situat la poalele Muntelui Srd (412 m), într-o vale închisă la sud-vest de platoul Lapad și de un recif mai mic cu partea veche o orașului. LimbăÎn oraș, la fel ca și în zonele înconjurătoare, limba oficială este prin constituție croata. Deși în trecut aici locuiau mulți italieni, așezarea fiind întemeiată chiar de aceștia, astăzi italiana este foarte puțin răspândită.ClimatClimatul din Dubrovnik este caracterizat prin veri calde și uscate și ierni moderate."
Denver,39.7391666667,-104.984722222,"(Wikipedia: http://en.wikivoyage.org/wiki/Denver ; Type: city(953987) ; Country_Region: US-CO)",""
Deva,45.8666666667,22.9,"(Wikipedia: http://en.wikivoyage.org/wiki/Deva ; Type: city)",""
Dijon,47.32,5.04277777778,"(Wikipedia: http://en.wikivoyage.org/wiki/Dijon)",""
Cork,51.9,-8.47305555556,"(Wikipedia: http://en.wikivoyage.org/wiki/Cork ; Type: city)",""
Covasna,45.85,26.1833333333,"(Wikipedia: http://en.wikivoyage.org/wiki/Covasna ; Type: city)","De înțelesCunoscut ca orașul izvoarelor minerale, Covasna este traversată de pârâul cu același nume. Altitudinea variază între 550-600 m, iar climatul este răcoros. A fost declarat oraș în 1952, în zilele noastre numără 12500 locuitori iar prima atestare documentară datează din 1567.  Este una dintre cele mai importante stațiuni balneoclimaterice ale României, dispune de 8 hoteluri și de mai multe pensiuni private precum și de un camping. Economia orașului se bazează mai ales pe industria alimentară, turism și agricultură."
Cracovia,50.0613888889,19.9383333333,"(Wikipedia: http://en.wikivoyage.org/wiki/Cracovia ; Type: city)","Cracovia este un oraș în Polonia."
Craiova,44.3333333333,23.8166666667,"(Wikipedia: http://en.wikivoyage.org/wiki/Craiova ; Type: city)"," De înțeles  Intră  Cu avionul  Cu vaporul  Cu trenul  Cu autobuzul  Cu mașina  Ajuns acolo  De văzut  De făcut  De învățat  De lucrat  Bani și cumpărături  De mâncat Restaurantul Hanul Vechi km 8,5 spre Pitesti Buget redus  Buget mediu  De lux  De băut  De ieșit  De dormit * Vila Jianu, Str. Bibescu, nr. 16, 0251 417257.* Hotel Green House, Str. Fratii Buzesti, nr. 25, 0251 132000.* Hotel Bavaria, Str. Caracal, nr.3, 0251 414886,0251 413030. [http://www.hotel-bavaria.ro/]* Hotel Jiul, Calea Bucuresti, nr. 1-3, 0251 415655.* Motel Craiovița, Prelungirea Severinului, nr."
Creta,35.0,25.0,"(Wikipedia: http://en.wikivoyage.org/wiki/Creta ; Type: city)"," De înțeles Creta este o insulă în Marea Mediterană.Creta (greacă Κρήτη - Kríti) este cea mai sudică insulă greacă la Marea Egee. Cu o suprafață de 8.261 km², Creta este cea mai mare insulă din Grecia și a cincea cea mai mare din Marea Mediterană. Linia de coastă are o lungime totală de 1.040 km."
Cuba,23.1333333333,-82.3833333333,"(Wikipedia: http://en.wikivoyage.org/wiki/Cuba ; Type: country(109,886))",""
Cuzco,-13.5083333333,-71.9722222222,"(Wikipedia: http://en.wikivoyage.org/wiki/Cuzco ; Type: city ; Country_Region: PE)",""
Danemarca,55.675,12.5755555556,"(Wikipedia: http://en.wikivoyage.org/wiki/Danemarca)",""
Bydgoszcz,53.1166666667,18.0,"(Wikipedia: http://en.wikivoyage.org/wiki/Bydgoszcz ; Type: city)","Bydgoszcz este un municipiu din Polonia de nord, plasat pe râurile Brda și Vistula."
Giurgiu,43.9008333333,25.9738888889,"(Wikipedia: http://en.wikivoyage.org/wiki/Giurgiu ; Type: city)","CunoașteAre o populație de 53.260 locuitori (2011)."
Ruse,43.85,25.967,"(Wikipedia: http://en.wikivoyage.org/wiki/Ruse ; Type: city)","Ruse (în bulgară Русе), Rusciuc în română, este un oraș în nordul Bulgariei, la Dunăre."
Istanbul,41.0122222222,28.9813888889,"(Wikipedia: http://en.wikivoyage.org/wiki/Istanbul ; Type: city)",""
Hanoi,21.0333333333,105.85,"(Wikipedia: http://en.wikivoyage.org/wiki/Hanoi ; Type: city)",""
Mendoza,-32.8666666667,-68.8166666667,"(Wikipedia: http://en.wikivoyage.org/wiki/Mendoza)",""
Curitiba,-25.4427777778,-49.2394444444,"(Wikipedia: http://en.wikivoyage.org/wiki/Curitiba ; Country_Region: BR)",""
Mantova,45.1666666667,10.8,"(Wikipedia: http://en.wikivoyage.org/wiki/Mantova)",""
Andora,43.9586111111,8.13944444444,"(Wikipedia: http://en.wikivoyage.org/wiki/Andora ; Type: city)",""
Sandefjord,59.1333333333,10.2166666667,"(Wikipedia: http://en.wikivoyage.org/wiki/Sandefjord ; Type: city)","CumpărăturiSandefjord are un centru impunător, unde se găsește un amestec al arhitecturii moderne cu cea veche; de asemenea, aici se găsesc diverse magazine care oferă a gamă diversificată de produse."
Larvik,59.0666666667,10.0,"(Wikipedia: http://en.wikivoyage.org/wiki/Larvik ; Type: city)","Activități* [http://www.kulturhusetbolgen.no/ Casa de cultură 'Bølgen'] (valul, în română)Cazare* [http://www.farrisbad.no 'Farris Bad']* [www.oddanesand."
Narvik,68.4205555556,17.56,"(Wikipedia: http://en.wikivoyage.org/wiki/Narvik ; Type: city)",""
Predeal,45.5272222222,25.5733333333,"(Wikipedia: http://en.wikivoyage.org/wiki/Predeal ; Type: city)","IntrăSe poate ajunge foarte ușor în Predeal plecând din Brașov (Predeal se află pe DN1, care merge spre București).Activități sportiveÎn Predeal există cinci pârtii de schi. CumpărăturiCluburi: The Office și Rozmarin; există câteva magazine în Predeal.Mai departePoiana Brașov apoi Brașov."
Rupea,46.0388888889,25.2225,"(Wikipedia: http://en.wikivoyage.org/wiki/Rupea ; Type: city)","Rupea este un oraș din județul Brașov, România. A fost locuit și fondat de către germani în secolul al XII-lea. Aceștia au construit o cetate remarcabilă, dar care este din păcate în ruine în prezent. DespreLocațieRupea se află la 70 km de Brașov și la 50 km de Sighișoara.IntrăRupea se află pe drumul important E60, care face legătura la nivel local dintre Brașov și Sighișoara. Mai departeBrașov și Sighișoara."
Sulina,45.1594444444,29.6527777778,"(Wikipedia: http://en.wikivoyage.org/wiki/Sulina ; Type: city)","IntrăPractic, singura metodă de a ajunge la Sulina este cu ajutorul bărcii. Există curse zilnice care pleacă din portul Tulcea, iar durata călătoriei durează între o oră și jumătate și patru ore. Majoritatea pleacă vara."
Tulcea,45.19,28.8,"(Wikipedia: http://en.wikivoyage.org/wiki/Tulcea ; Type: city)","IntrăOrașul se află la ~două ore de mers cu microbuzul din Constanța.Cazare* [http://www.deltaresort.com/ 'Delta Nature Resort'], Somova, ☎ +40 21 3114532, fax: +40 31 7100336, e-mail: reservations@deltaresort.com. Un resort luxos de cinci stele la intrarea în Delta Dunării.Mai departe* Sulina >> Delta Dunării."
Atlanta,33.755,-84.39,"(Wikipedia: http://en.wikivoyage.org/wiki/Atlanta ; Type: city)","Atlanta este un oraș din Statele Unite, din statul Georgia."
Wellington,-41.2888888889,174.777222222,"(Wikipedia: http://en.wikivoyage.org/wiki/Wellington ; Type: city(410,328) ; Country_Region: NZ-WGN)","Wellington este capitala și al treilea cel mai mare oraș din Noua Zeelandă. Este cunoscut și ca Orașul Vânturilor (Windy City)."
Hawaii,21.3113888889,-157.796388889,"(Wikipedia: http://en.wikivoyage.org/wiki/Hawaii ; Type: country)",""
Frauenchiemsee,47.8666666667,12.4166666667,"(Wikipedia: http://en.wikivoyage.org/wiki/Frauenchiemsee ; Type: isle ; Country_Region: ID)",""
Liban,33.9,35.5333333333,"(Wikipedia: http://en.wikivoyage.org/wiki/Liban)"," Istoric Țara are o istorie bogată, identitatea ei culturală fiind caracterizată printr-o diversitate etnică specifică.Cele mai vechi dovezi ale civilizației de pe teritoriul Libanului datează de circa 7000 ani. El a fost patria fenicienilor, o cultură maritimă ce a înflorit 2500 de ani (între 3000 și 500 î.e.n.). După colapsul Imperiului Otoman, Libanul a trecut în jurisdicția Franței. Liban și-a obținut independența în 1943.În perioada de până la Războiul civil Libanez (1975-1990), țara a avut o perioadă de relativă prosperitate."
Armenia,40.1833333333,44.5166666667,"(Wikipedia: http://en.wikivoyage.org/wiki/Armenia ; Type: country(29.743))",""
Strasbourg,48.5847222222,7.75055555556,"(Wikipedia: http://en.wikivoyage.org/wiki/Strasbourg ; Type: city)",""
Oman,23.6,58.55,"(Wikipedia: http://en.wikivoyage.org/wiki/Oman ; Type: country(309.501))",""
Muntenegru,42.7833333333,19.4666666667,"(Wikipedia: http://en.wikivoyage.org/wiki/Muntenegru)","DespreIstorieRomanii au cucerit această regiune în anul 90 d.Hr. Slavii au cucerit această regiune mai târziu, între secolele V-VII, și au avut, până în secolul al X-lea, un principat semi-independent, numit Doclea, care era legat de Serbia Medievală, și într-o mai mică măsură de Imperiul Bizantin și Bulgaria.Doclea și-a dobândit independența de Imperiul Bizantin în 1402. În următoarele decenii și-a extins teritoriile, anexând Rascia și Bosnia, după care deasemenea, a fost recunoscută ca regat."
Georgia,41.7166666667,44.8,"(Wikipedia: http://en.wikivoyage.org/wiki/Georgia ; Type: country(69.700))","DespreIstorieȚinutul actual al Georgiei a fost populat încă din paleoliticul mediu. În secolul al VI-lea î.Hr. a luat ființă statul georgian de vest, Colchis, în secolul al IV-lea î.Hr. cel de est, Iberia. Cele doua regate georgiene din antichitatea târzie, Iberia în estul țării și Egrisi în vest, au fost printre primele state din lume care au adoptat creștinismul (în 337 AD și respectiv 523 AD). Iberia a devenit curând după aceea o parte a Imperiului Persan."
Vatican,41.9,12.45,"(Wikipedia: http://en.wikivoyage.org/wiki/Vatican ; Type: city)","DespreIstorieSe presupune că această parte a Romei original nelocuită (ager vaticanus) a fost considerată întotdeauna un loc sacru sau cel puțin indisponibil pentru locuit, chiar înaintea sosirii creștinismului. În 326 prima biserică, bazilica lui Constantin, a fost construită peste mormântul Sfântului Petru, care a fost înmormântat într-un cimitir obișnuit în acel loc, iar din acel moment zona a început să fie populată, dar în special de case de locuit legate de activitatea Sfântului Petru."
Svalbard,78.0,16.0,"(Wikipedia: http://en.wikivoyage.org/wiki/Svalbard ; Type: country ; Country_Region: NO-21)","DespreIstorieEste posibil ca Svalbard să fi fost descoperit de vikingi și/sau ruși încă din secolul XII. Tradiția scandinavă atestă existența unui teritoriu numit Svalbarði - tradus periferie rece (acest tărâm ar fi putut totuși fi la fel de bine Jan Mayen sau coasta estică a Groenlandei). Olandezul Willem Barents a fost primul care a descoperit indisputabil Svalbardul în 1596. În secolele XVII și XVIII insulele au servit drept locație internațională pentru vânătoarea de balene, iar cu această ocazie Balena de Groenlanda a fost exterminată din regiune."
Azerbaidjan,40.3833333333,49.8666666667,"(Wikipedia: http://en.wikivoyage.org/wiki/Azerbaidjan)","DespreIstorieAzerbaidjanul este unul dintre cele mai vechi state ale civilizației, fiind o țară cu o istorie străveche și bogată, pe teritoriul căreia de-a lungul secolelor s-a acumulat o bogată moștenire pentru tezaurul culturii mondiale. Descoperirea peșterii Azîh - unul dintre primele locuri unde a trăit omul, precum și a unor obiecte din epoca de piatra, demonstrează ca Azerbaidjanul a intrat în zona unde au trăit antropoizii. Procesul de formare a triburilor în această zonă a durat din mil. III până în sec I i.C."
Kazahstan,51.1666666667,71.4166666667,"(Wikipedia: http://en.wikivoyage.org/wiki/Kazahstan ; Type: country(2.724.900))","DespreIstorieTeritoriul Kazahstanului a fost ocupat pentru prima dată de triburi nomade, care locuiau în stepele din această zonă. Acestea au fost cucerite în secolul al XIII-lea de către mongoli, care, în acel timp, erau conduși de Ginghis Han. Prin secolul al XV-lea, kazahii au format trei hoarde, care au continuat să ducă o viață nomadă până în secolul XIX, când au fost ocupați de Rusia.La 16 decembrie 1991, Kazahstanul era ultima republică din USSR care își proclama independența."
Kiev,50.45,30.5236111111,"(Wikipedia: http://en.wikivoyage.org/wiki/Kiev ; Type: city)","DespreIstoriePrima atestare scrisă a Kievului datează din 482. Kievul a avut o populație numeroasă încă din sec 9, fiind avantajat de Nipru, care a reprezentat o arteră comercială importantă cu vestul și cu estul. Începând din secolul al-IX-lea timp de un secol, Kievul a jucat un rol important în nobilimea varegilor, iar în 968 triburile pecenegilor atacă și distrug orașul. Cel care a influențat mult evoluția orașului a fost Vladimir I (958-1015) care a extins orașul și a pus bazele structurii sale urbanistice. Tot el a oferit supușilor o religie de stat, ortodoxismul."
Suceava,47.6513888889,26.2555555556,"(Wikipedia: http://en.wikivoyage.org/wiki/Suceava ; Type: city)","Suceava este reședința și totodată cel mai mare oraș al județului Suceava (România).Municipiul Suceava se numără printre cele mai vechi și mai importante așezări ale țării. Timp de două veacuri a fost capitală a principatului Moldova, iar între 1774–1918 a fost un oraș din Imperiul Austriac (pământurile coroanei Regatul Galiției și Lodomeriei și Ducatul Bucovinei).DespreIstorieTeritoriul orașului Suceava și împrejurimile sale au fost locuite, așa cum atestă cercetările arheologice, din timpuri străvechi, începând chiar din paleolitic."
Leipzig,"","","(Wikipedia: http://en.wikivoyage.org/wiki/Leipzig ; Type: city(531582) ; Country_Region: DE-SN)",""
Isaccea,45.2697222222,28.4597222222,"(Wikipedia: http://en.wikivoyage.org/wiki/Isaccea ; Type: city)","De văzutOrașul Isaccea este vizitat de către turiști, atât datorită cadrului natural deosebit, poziției geografice situate în vecinătatea a două rezervații naturale foarte importante: Lunca Dunării și Munții Măcinului, dar și datorită monumentelor istorice.Obiective turisticeBiserica Sfântul Gheorghe*Cetatea Noviodunum, înființată în antichitate, de către romani, situată la 2 km.sud de oraș, pe malul Dunării;*Biserica „Sfântul Gheorghe”;*Moscheea Azizye, din centrul orașului, veche din secolul al XVI-lea;*Monumentul Eroilor din Revărsarea (la 6 km."
Temuco,-38.75,-72.6666666667,"(Wikipedia: http://en.wikivoyage.org/wiki/Temuco)",""
Iran,35.6833333333,51.4166666667,"(Wikipedia: http://en.wikivoyage.org/wiki/Iran)",""
